,Ñ§ºÅ
0,1800271002
1,1800271004
2,1800271006
3,1800271007
4,1800271009
5,1800271011
6,1800271012
7,1800271013
8,1800271014
9,1800271017
10,1800271018
11,1800271019
12,1800271020
13,1800271021
14,1800271022
15,1800271023
16,1800271024
17,1800271026
18,1800271028
19,1800271029
20,1800271031
21,1800271033
22,1800271034
23,1800271035
24,1800271036
25,1800271038
26,1800271040
27,1800271041
28,1800271042
29,1800271044
30,1800271045
31,1800271046
32,1800271047
33,1800271049
34,1800271050
35,1800271052
36,1800271053
37,1800271054
38,1810272001
39,1810272002
40,1810272004
41,1810272005
42,1810272006
43,1810272008
44,1810272009
45,1810272014
46,1810272018
47,1810272019
48,1810272021
49,1810272024
50,1810272027
51,1810272029
52,1810272030
53,1810272031
54,1810272035
55,1810272037
56,1810272038
57,1810272039
58,1810272041
59,1810272042
60,1810272044
61,1810272045
62,1810272046
63,1810272048
64,1810272050
65,1810272051
66,18102720529
67,1810272056
68,1810272057
69,1810272058
70,1810272060
71,1810272061
72,1810272063
73,1810272064
74,1810272065
75,1810272066
76,1810272068
77,1810272069
78,1810272070
79,1810272073
80,1810272074
81,1810273003
82,1810273004
83,1810273007
84,1810273008
85,1810273010
86,1810273013
87,1810273015
88,1810273016
89,1810273017
90,1810273020
91,1810273022
92,1810273023
93,1810273024
94,1810273027
95,1810273033
96,1810273036
97,1810273037
98,1810273039
99,18102739014
